[
  {
    "options": [
      {
        "name": "user",
        "description": "the user to add",
        "required": true,
        "type": 6
      }
    ],
    "name": "add",
    "description": "Adds a bot to the watchlist."
  },
  {
    "options": [
      {
        "choices": [
          {
            "name": "get",
            "value": "get"
          },
          {
            "name": "delete",
            "value": "delete"
          }
        ],
        "type": 3,
        "name": "option",
        "description": "What the bot should do",
        "required": true
      }
    ],
    "name": "data",
    "description": "Manage the data stored in the bot."
  },
  {
    "options": [],
    "name": "get",
    "description": "Lists all the bots and mentions that are in the database."
  },
  {
    "options": [
      {
        "choices": [
          {
            "name": "enable",
            "value": "enable"
          },
          {
            "name": "disable",
            "value": "disable"
          }
        ],
        "type": 3,
        "name": "state",
        "description": "Whether to add or remove the user from the mention list",
        "required": true
      },
      {
        "autocomplete": true,
        "type": 3,
        "name": "user",
        "description": "The user to mention you about going offline / online",
        "required": true
      }
    ],
    "name": "mention",
    "description": "Whether to mention you when a bot is going offline / online."
  },
  {
    "options": [
      {
        "name": "user",
        "description": "the user to remove",
        "required": true,
        "type": 6
      }
    ],
    "name": "remove",
    "description": "Removes a bot from the watchlist."
  },
  {
    "options": [
      {
        "channel_types": [
          0,
          5
        ],
        "name": "channel",
        "description": "the channel to set the broadcast channel to",
        "required": false,
        "type": 7
      }
    ],
    "name": "setchannel",
    "description": "Sets the broadcast channel for the watchlist."
  },
  {
    "options": [],
    "name": "help",
    "description": "The help command."
  },
  {
    "options": [],
    "name": "invite",
    "description": "Invite the bot."
  },
  {
    "options": [],
    "name": "ping",
    "description": "Test the bot latency."
  }
]