<?xml version="1.0"?>
<pagescount>
	<html_total>1</html_total>
	<html_done>1</html_done>
	<images>2</images>
	<script>3</script>
	<css>9</css>
	<pdf/>
	<documents/>
	<excel/>
	<powerpoint/>
	<flash/>
	<audios/>
	<videos/>
	<xml/>
	<json/>
	<txt/>
	<autocad/>
	<fonts>22</fonts>
	<scraping_reload>1</scraping_reload>
	<is_pretty_url>false</is_pretty_url>
	<is_ebn>false</is_ebn>
	<email>contact@spicydevs.me</email>
	<theme_name>WmdTheme654265</theme_name>
	<server_url_front_page>https://www6.waybackmachinedownloader.com/wdo/files/demo/uo1428.tk_contact_spicydevs.me_11yp711ssb/</server_url_front_page>
	<no_www_url>uo1428.tk</no_www_url>
	<hosted_domain/>
	<original_archive_url>https://uo1428.tk/</original_archive_url>
	<final_archive_url>https://uo1428.tk/</final_archive_url>
	<front_page_code_date/>
	<total_urls_from_api/>
	<max_reached_live>false</max_reached_live>
	<scrape_other_captures>false</scrape_other_captures>
	<total_size>8</total_size>
</pagescount>
